{
    "image_filename": "object2.jpg",
    "objects": [
        {
            "id": 1749058946963,
            "name": "window",
            "x": 377.4922480620155,
            "y": 238.59589984604168,
            "count": 1
        },
        {
            "id": 1749058957487,
            "name": "chimney",
            "x": 227.39147286821705,
            "y": 127.6992140021068,
            "count": 1
        }
    ],
    "timestamp": "2025-06-04T13:42:37.491457"
}